{
   "confidence": [
      0.77219623,
      0.80275261,
      0.82445365,
      0.8294751,
      0.87754035,
      0.91109586,
      0.76085204,
      0.9401176,
      0.73051119,
      0.75365132,
      0.9107241,
      0.88419348,
      0.7796188
   ],
   "filename": [
      "sel.20.g.3.wav",
      "sel.21.g.3.wav",
      "sel.436.g.3.wav",
      "sel.475.g.1.wav",
      "sel.478.g.1.wav",
      "sel.479.g.1.wav",
      "sel.480.g.1.wav",
      "sel.483.g.1.wav",
      "sel.484.g.2.wav",
      "sel.489.g.2.wav",
      "sel.490.g.2.wav",
      "sel.672.g.3.wav",
      "sel.680.g.3.wav"
   ],
   "offset (s)": [
      0,
      0,
      0,
      0,
      0,
      0,
      0,
      0,
      0,
      0,
      0,
      0,
      0
   ],
   "start": [
      "6959.6810399999995",
      "6866.71308",
      "7078.31808",
      "7143.74544",
      "7219.507320000001",
      "7018.5632399999995",
      "7118.54268",
      "7341.4632",
      "7172.827799999999",
      "7015.61388",
      "7206.716759999999",
      "6889.309319999999",
      "7099.36656"
   ],
   "end": [
      "8880.652320000001",
      "8878.75596",
      "9056.33436",
      "9579.38628",
      "8993.29728",
      "9033.05532",
      "8893.818239999999",
      "9461.51016",
      "8803.35588",
      "8953.750080000002",
      "9446.9736",
      "9133.608",
      "8814.49272"
   ]
}